host	logname	time	method	url	response	bytes	referer	useragent
199.72.81.55	-	804571201	GET	/history/apollo/	200	6245		
unicomp6.unicomp.net	-	804571206	GET	/shuttle/countdown/	200	3985		
199.120.110.21	-	804571209	GET	/shuttle/missions/sts-73/mission-sts-73.html	200	4085		
burger.letters.com	-	804571211	GET	/shuttle/countdown/liftoff.html	304	0		
199.120.110.21	-	804571211	GET	/shuttle/missions/sts-73/sts-73-patch-small.gif	200	4179		
burger.letters.com	-	804571212	GET	/images/NASA-logosmall.gif	304	0		
burger.letters.com	-	804571212	GET	/shuttle/countdown/video/livevideo.gif	200	0		
205.212.115.106	-	804571212	GET	/shuttle/countdown/countdown.html	200	3985		
d104.aa.net	-	804571213	GET	/shuttle/countdown/	200	3985		
129.94.144.152	-	804571213	GET	/	200	7074		
unicomp6.unicomp.net	-	804571214	GET	/shuttle/countdown/count.gif	200	40310		
unicomp6.unicomp.net	-	804571214	GET	/images/NASA-logosmall.gif	200	786		
unicomp6.unicomp.net	-	804571214	GET	/images/KSC-logosmall.gif	200	1204		
d104.aa.net	-	804571215	GET	/shuttle/countdown/count.gif	200	40310		
d104.aa.net	-	804571215	GET	/images/NASA-logosmall.gif	200	786		
d104.aa.net	-	804571215	GET	/images/KSC-logosmall.gif	200	1204		
129.94.144.152	-	804571217	GET	/images/ksclogo-medium.gif	304	0		
199.120.110.21	-	804571217	GET	/images/launch-logo.gif	200	1713		
ppptky391.asahi-net.or.jp	-	804571218	GET	/facts/about_ksc.html	200	3977		
net-1-141.eden.com	-	804571219	GET	/shuttle/missions/sts-71/images/KSC-95EC-0916.jpg	200	34029		
ppptky391.asahi-net.or.jp	-	804571219	GET	/images/launchpalms-small.gif	200	11473		
205.189.154.54	-	804571224	GET	/shuttle/countdown/	200	3985		
waters-gw.starway.net.au	-	804571225	GET	/shuttle/missions/51-l/mission-51-l.html	200	6723		
ppp-mia-30.shadow.net	-	804571227	GET	/	200	7074		
205.189.154.54	-	804571229	GET	/shuttle/countdown/count.gif	200	40310		
alyssa.prodigy.com	-	804571233	GET	/shuttle/missions/sts-71/sts-71-patch-small.gif	200	12054		
ppp-mia-30.shadow.net	-	804571235	GET	/images/ksclogo-medium.gif	200	5866		
dial22.lloyd.com	-	804571237	GET	/shuttle/missions/sts-71/images/KSC-95EC-0613.jpg	200	61716		
smyth-pc.moorecap.com	-	804571238	GET	/history/apollo/apollo-13/images/70HC314.GIF	200	101267		
205.189.154.54	-	804571240	GET	/images/NASA-logosmall.gif	200	786		
ix-orl2-01.ix.netcom.com	-	804571241	GET	/shuttle/countdown/	200	3985		
ppp-mia-30.shadow.net	-	804571241	GET	/images/NASA-logosmall.gif	200	786		
ppp-mia-30.shadow.net	-	804571241	GET	/images/MOSAIC-logosmall.gif	200	363		
205.189.154.54	-	804571241	GET	/images/KSC-logosmall.gif	200	1204		
ppp-mia-30.shadow.net	-	804571241	GET	/images/USA-logosmall.gif	200	234		
ppp-mia-30.shadow.net	-	804571243	GET	/images/WORLD-logosmall.gif	200	669		
ix-orl2-01.ix.netcom.com	-	804571244	GET	/shuttle/countdown/count.gif	200	40310		
gayle-gaston.tenet.edu	-	804571250	GET	/shuttle/missions/sts-71/mission-sts-71.html	200	12040		
piweba3y.prodigy.com	-	804571254	GET	/shuttle/missions/sts-71/sts-71-patch-small.gif	200	12054		
scheyer.clark.net	-	804571258	GET	/shuttle/missions/sts-71/movies/sts-71-mir-dock-2.mpg	200	49152		
ppp-nyc-3-1.ios.com	-	804571259	GET	/shuttle/missions/sts-71/images/KSC-95EC-0882.jpg	200	77163		
199.72.81.55	-	804571259	GET	/history/	200	1382		
port26.annex2.nwlink.com	-	804571262	GET	/software/winvn/winvn.html	200	9867		
port26.annex2.nwlink.com	-	804571264	GET	/software/winvn/winvn.gif	200	25218		
port26.annex2.nwlink.com	-	804571264	GET	/images/construct.gif	200	1414		
port26.annex2.nwlink.com	-	804571264	GET	/software/winvn/bluemarb.gif	200	4441		
dd14-012.compuserve.com	-	804571265	GET	/shuttle/technology/images/srb_16-small.gif	200	42732		
205.189.154.54	-	804571266	GET	/cgi-bin/imagemap/countdown?99,176	302	110		
205.189.154.54	-	804571268	GET	/shuttle/missions/sts-71/images/images.html	200	7634		
www-a1.proxy.aol.com	-	804571269	GET	/shuttle/countdown/	200	3985		
dd15-062.compuserve.com	-	804571272	GET	/news/sci.space.shuttle/archive/sci-space-shuttle-22-apr-1995-40.txt	404	0		
205.212.115.106	-	804571273	GET	/shuttle/missions/sts-71/images/images.html	200	7634		
piweba3y.prodigy.com	-	804571274	GET	/shuttle/technology/images/srb_mod_compare_3-small.gif	200	55666		
remote27.compusmart.ab.ca	-	804571274	GET	/shuttle/missions/sts-71/sts-71-patch-small.gif	200	12054		
port26.annex2.nwlink.com	-	804571277	GET	/software/winvn/wvsmall.gif	200	13372		
ix-orl2-01.ix.netcom.com	-	804571278	GET	/images/KSC-logosmall.gif	200	1204		
smyth-pc.moorecap.com	-	804571279	GET	/history/apollo/images/footprint-small.gif	200	18149		
205.189.154.54	-	804571279	GET	/shuttle/missions/sts-71/images/KSC-95EC-0423.txt	200	1224		
www-b4.proxy.aol.com	-	804571281	GET	/shuttle/countdown/video/livevideo.gif	200	70712		
smyth-pc.moorecap.com	-	804571284	GET	/history/apollo/apollo-spacecraft.txt	200	2261		
slip1.yab.com	-	804571286	GET	/shuttle/resources/orbiters/endeavour.html	200	6168		
link097.txdirect.net	-	804571286	GET	/shuttle/missions/missions.html	200	8677		
port26.annex2.nwlink.com	-	804571287	GET	/images/KSC-logosmall.gif	200	1204		
port26.annex2.nwlink.com	-	804571287	GET	/images/MOSAIC-logosmall.gif	200	363		
remote27.compusmart.ab.ca	-	804571287	GET	/shuttle/countdown/	200	3985		
link097.txdirect.net	-	804571287	GET	/images/launchmedium.gif	200	11853		
slip1.yab.com	-	804571289	GET	/shuttle/resources/orbiters/endeavour.gif	200	16991		
link097.txdirect.net	-	804571291	GET	/images/NASA-logosmall.gif	200	786		
link097.txdirect.net	-	804571291	GET	/images/KSC-logosmall.gif	200	1204		
port26.annex2.nwlink.com	-	804571292	GET	/images/USA-logosmall.gif	200	234		
port26.annex2.nwlink.com	-	804571292	GET	/images/WORLD-logosmall.gif	200	669		
onyx.southwind.net	-	804571294	GET	/shuttle/countdown/countdown.html	200	3985		
onyx.southwind.net	-	804571295	GET	/shuttle/countdown/count.gif	200	40310		
onyx.southwind.net	-	804571299	GET	/images/KSC-logosmall.gif	304	0		
unicomp6.unicomp.net	-	804571301	GET	/htbin/cdt_main.pl	200	3214		
199.72.81.55	-	804571303	GET	/	200	7074		
link097.txdirect.net	-	804571304	GET	/shuttle/missions/sts-78/mission-sts-78.html	200	4377		
link097.txdirect.net	-	804571305	GET	/shuttle/missions/sts-78/sts-78-patch-small.gif	200	4179		
199.72.81.55	-	804571306	GET	/images/ksclogo-medium.gif	200	5866		
gater4.sematech.org	-	804571306	GET	/shuttle/countdown/	200	3985		
link097.txdirect.net	-	804571307	GET	/images/launch-logo.gif	200	1713		
ppp-nyc-3-1.ios.com	-	804571309	GET	/shuttle/missions/sts-71/images/KSC-95EC-0917.jpg	200	52491		
gater3.sematech.org	-	804571310	GET	/shuttle/countdown/count.gif	200	40310		
199.72.81.55	-	804571310	GET	/images/MOSAIC-logosmall.gif	200	363		
199.72.81.55	-	804571311	GET	/images/USA-logosmall.gif	200	234		
gater4.sematech.org	-	804571312	GET	/images/NASA-logosmall.gif	200	786		
199.72.81.55	-	804571312	GET	/images/WORLD-logosmall.gif	200	669		
ix-or10-06.ix.netcom.com	-	804571312	GET	/software/winvn/userguide/wvnguide.html	200	5998		
gater3.sematech.org	-	804571312	GET	/images/KSC-logosmall.gif	200	1204		
remote27.compusmart.ab.ca	-	804571313	GET	/cgi-bin/imagemap/countdown?102,174	302	110		
remote27.compusmart.ab.ca	-	804571315	GET	/shuttle/missions/sts-71/images/images.html	200	7634		
link097.txdirect.net	-	804571315	GET	/shuttle/resources/orbiters/columbia.html	200	6922		
dave.dev1.ihub.com	-	804571315	GET	/shuttle/countdown/	200	3985		
link097.txdirect.net	-	804571316	GET	/shuttle/resources/orbiters/columbia-logo.gif	200	11417		
netport-27.iu.net	-	804571317	GET	/	200	7074		
ix-or10-06.ix.netcom.com	-	804571317	GET	/software/winvn/userguide/wvnguide.gif	200	4151		
dave.dev1.ihub.com	-	804571318	GET	/images/NASA-logosmall.gif	200	786		
dave.dev1.ihub.com	-	804571318	GET	/images/KSC-logosmall.gif	200	1204		
dave.dev1.ihub.com	-	804571318	GET	/shuttle/countdown/count.gif	200	40310		
pm13.j51.com	-	804571318	GET	/shuttle/missions/sts-71/movies/crew-arrival-t38.mpg	200	305722		
bart-slip1.llnl.gov	-	804571319	GET	/shuttle/missions/missions.html	200	8677		
link097.txdirect.net	-	804571319	GET	/images/ksclogosmall.gif	200	3635		
link097.txdirect.net	-	804571319	GET	/shuttle/resources/orbiters/orbiters-logo.gif	200	1932		
netport-27.iu.net	-	804571320	GET	/images/ksclogo-medium.gif	304	0		
netport-27.iu.net	-	804571321	GET	/images/NASA-logosmall.gif	304	0		
netport-27.iu.net	-	804571321	GET	/images/MOSAIC-logosmall.gif	304	0		
netport-27.iu.net	-	804571321	GET	/images/USA-logosmall.gif	304	0		
smyth-pc.moorecap.com	-	804571322	GET	/history/apollo/images/footprint-small.gif	200	18149		
netport-27.iu.net	-	804571324	GET	/images/WORLD-logosmall.gif	304	0		
ix-or10-06.ix.netcom.com	-	804571324	GET	/software/winvn/userguide/winvnsm.gif	200	3293		
dd14-046.compuserve.com	-	804571325	GET	/shuttle/countdown/	200	3985		
205.189.154.54	-	804571331	GET	/shuttle/missions/sts-71/images/KSC-95EC-0869.gif	200	45798		
port2.electrotex.com	-	804571332	GET	/shuttle/countdown/video/livevideo.gif	200	70712		
199.33.32.50	-	804571332	GET	/shuttle/countdown/liftoff.html	200	4538		
scheyer.clark.net	-	804571333	GET	/shuttle/missions/sts-71/movies/sts-71-launch-3.mpg	200	130724		
199.33.32.50	-	804571334	GET	/images/NASA-logosmall.gif	200	786		
dynip42.efn.org	-	804571334	GET	/software	302	0		
remote27.compusmart.ab.ca	-	804571334	GET	/shuttle/missions/sts-71/images/KSC-95EC-0868.gif	200	47122		
ppp-nyc-3-1.ios.com	-	804571335	GET	/shuttle/missions/sts-71/images/KSC-95EC-0918.gif	200	31631		
smyth-pc.moorecap.com	-	804571335	GET	/history/apollo/images/footprint-small.gif	200	18149		
dynip42.efn.org	-	804571335	GET	/software/	200	689		
waters-gw.starway.net.au	-	804571336	GET	/shuttle/missions/51-l/51-l-info.html	200	1387		
199.33.32.50	-	804571336	GET	/shuttle/countdown/video/livevideo.gif	200	62761		
lmsmith.tezcat.com	-	804571336	GET	/shuttle/countdown/	200	3985		
dynip42.efn.org	-	804571337	GET	/icons/blank.xbm	200	509		
dynip42.efn.org	-	804571337	GET	/icons/menu.xbm	200	527		
unicomp6.unicomp.net	-	804571337	GET	/facilities/lcc.html	200	2489		
lmsmith.tezcat.com	-	804571339	GET	/shuttle/countdown/count.gif	200	40310		
lmsmith.tezcat.com	-	804571340	GET	/images/NASA-logosmall.gif	200	786		
unicomp6.unicomp.net	-	804571340	GET	/images/ksclogosmall.gif	200	3635		
unicomp6.unicomp.net	-	804571341	GET	/images/kscmap-tiny.gif	200	2537		
lmsmith.tezcat.com	-	804571341	GET	/images/KSC-logosmall.gif	200	1204		
ppp-nyc-3-1.ios.com	-	804571345	GET	/shuttle/missions/sts-71/images/KSC-95EC-0918.txt	200	1391		
link097.txdirect.net	-	804571345	GET	/shuttle/missions/sts-65/sts-65-patch-small.gif	200	11757		
gayle-gaston.tenet.edu	-	804571345	GET	/shuttle/countdown/	200	3985		
pme607.onramp.awinc.com	-	804571345	GET	/shuttle/missions/sts-71/sts-71-day-04-highlights.html	200	5544		
dynip42.efn.org	-	804571346	GET	/software/winvn/	200	2244		
onyx.southwind.net	-	804571347	GET	/cgi-bin/imagemap/countdown?103,146	302	96		
dynip42.efn.org	-	804571348	GET	/icons/image.xbm	200	509		
dynip42.efn.org	-	804571348	GET	/icons/text.xbm	200	527		
smyth-pc.moorecap.com	-	804571350	GET	/history/apollo/images/footprint-small.gif	200	18149		
usr7-dialup46.chicago.mci.net	-	804571355	GET	/shuttle/missions/	200	12283		
smyth-pc.moorecap.com	-	804571358	GET	/history/apollo/images/apollo-small.gif	200	9630		
dynip42.efn.org	-	804571359	GET	/software/winvn/winvn.html	200	9867		
ix-or10-06.ix.netcom.com	-	804571360	GET	/software/winvn	302	0		
gater3.sematech.org	-	804571361	GET	/cgi-bin/imagemap/countdown?99,173	302	110		
dynip42.efn.org	-	804571361	GET	/software/winvn/winvn.gif	200	25218		
dynip42.efn.org	-	804571361	GET	/images/construct.gif	200	1414		
dynip42.efn.org	-	804571362	GET	/software/winvn/bluemarb.gif	200	4441		
ix-or10-06.ix.netcom.com	-	804571362	GET	/software/winvn/	200	2244		
gater4.sematech.org	-	804571363	GET	/shuttle/missions/sts-71/images/images.html	200	7634		
ix-or10-06.ix.netcom.com	-	804571365	GET	/icons/blank.xbm	200	509		
ix-or10-06.ix.netcom.com	-	804571367	GET	/icons/menu.xbm	200	527		
ix-or10-06.ix.netcom.com	-	804571369	GET	/icons/image.xbm	200	509		
ix-or10-06.ix.netcom.com	-	804571372	GET	/icons/text.xbm	200	527		
remote27.compusmart.ab.ca	-	804571375	GET	/shuttle/missions/sts-71/images/KSC-95EC-0868.txt	200	657		
waters-gw.starway.net.au	-	804571377	GET	/shuttle/missions/51-l/images/	200	1038		
brandt.xensei.com	-	804571377	GET	/shuttle/missions/sts-71/mission-sts-71.html	200	12040		
sneaker.oregoncoast.com	-	804571377	GET	/shuttle/countdown/	304	0		
teleman.pr.mcs.net	-	804571378	GET	/msfc/astro_home.html	304	0		
slip1.yab.com	-	804571380	GET	/shuttle/missions/sts-49/mission-sts-49.html	200	9379		
onyx.southwind.net	-	804571380	GET	/cgi-bin/imagemap/countdown?102,210	302	95		
dd11-054.compuserve.com	-	804571381	GET	/	200	7074		
onyx.southwind.net	-	804571382	GET	/shuttle/countdown/tour.html	200	4347		
sneaker.oregoncoast.com	-	804571382	GET	/shuttle/countdown/count.gif	304	0		
sneaker.oregoncoast.com	-	804571382	GET	/images/NASA-logosmall.gif	304	0		
sneaker.oregoncoast.com	-	804571383	GET	/images/KSC-logosmall.gif	304	0		
onyx.southwind.net	-	804571383	GET	/images/KSC-94EC-412-small.gif	200	20484		
gater3.sematech.org	-	804571384	GET	/shuttle/missions/sts-71/images/KSC-95EC-0868.gif	200	47122		
ppp-nyc-3-1.ios.com	-	804571385	GET	/shuttle/countdown/count.gif	200	40310		
brandt.xensei.com	-	804571385	GET	/shuttle/missions/sts-71/sts-71-patch-small.gif	200	12054		
brandt.xensei.com	-	804571388	GET	/images/KSC-logosmall.gif	200	1204		
piweba3y.prodigy.com	-	804571389	GET	/shuttle/missions/sts-71/movies/sts-71-tcdt-crew-walkout.mpg	200	647168		
unicomp6.unicomp.net	-	804571389	GET	/images/lcc-small2.gif	200	58026		
gayle-gaston.tenet.edu	-	804571391	GET	/shuttle/missions/sts-71/images/images.html	200	7634		
129.188.154.200	-	804571392	GET	/facts/about_ksc.html	200	3977		
ppp-nyc-3-1.ios.com	-	804571393	GET	/shuttle/missions/sts-71/movies/movies.html	200	3092		
link097.txdirect.net	-	804571393	GET	/shuttle/missions/sts-65/mission-sts-65.html	200	130811		
lmsmith.tezcat.com	-	804571393	GET	/cgi-bin/imagemap/countdown?103,175	302	110		
ppp-nyc-3-1.ios.com	-	804571394	GET	/shuttle/missions/sts-71/sts-71-patch-small.gif	200	12054		
129.188.154.200	-	804571394	GET	/images/launchpalms-small.gif	200	11473		
lmsmith.tezcat.com	-	804571394	GET	/shuttle/missions/sts-71/images/images.html	200	7634		
brandt.xensei.com	-	804571395	GET	/images/launch-logo.gif	200	1713		
charger.execpc.com	-	804571395	GET	/shuttle/missions/missions.html	200	8677		
129.188.154.200	-	804571396	GET	/images/NASA-logosmall.gif	200	786		
129.188.154.200	-	804571396	GET	/images/KSC-logosmall.gif	200	1204		
charger.execpc.com	-	804571396	GET	/images/launchmedium.gif	200	11853		
129.94.144.152	-	804571399	GET	/images/shuttle-patch-small.gif	200	4179		
charger.execpc.com	-	804571399	GET	/images/NASA-logosmall.gif	200	786		
charger.execpc.com	-	804571399	GET	/images/KSC-logosmall.gif	200	1204		
www-a1.proxy.aol.com	-	804571400	GET	/cgi-bin/imagemap/countdown?107,144	302	96		
dd11-054.compuserve.com	-	804571404	GET	/images/ksclogo-medium.gif	200	5866		
ix-or10-06.ix.netcom.com	-	804571404	GET	/software	302	0		
pipe6.nyc.pipeline.com	-	804571405	GET	/shuttle/missions/sts-71/movies/movies.html	200	3092		
ix-or10-06.ix.netcom.com	-	804571406	GET	/software/	200	689		
port2.electrotex.com	-	804571407	GET	/images/NASA-logosmall.gif	200	786		
isdn6-34.dnai.com	-	804571410	GET	/shuttle/missions/sts-68/sts-68-patch-small.gif	200	17459		
midcom.com	-	804571411	GET	/history/apollo/apollo-13/apollo-13.html	200	18114		
isdn6-34.dnai.com	-	804571411	GET	/shuttle/missions/sts-68/mission-sts-68.html	200	49087		
midcom.com	-	804571413	GET	/history/apollo/apollo-13/apollo-13-patch-small.gif	200	12859		
ix-or10-06.ix.netcom.com	-	804571414	GET	/software/winvn/readme.txt	200	5736		
isdn6-34.dnai.com	-	804571416	GET	/shuttle/resources/orbiters/endeavour.html	200	6168		
dd11-054.compuserve.com	-	804571416	GET	/shuttle/missions/missions.html	200	8677		
isdn6-34.dnai.com	-	804571416	GET	/shuttle/resources/orbiters/endeavour-logo.gif	200	5052		
isdn6-34.dnai.com	-	804571417	GET	/shuttle/resources/orbiters/orbiters-logo.gif	200	1932		
isdn6-34.dnai.com	-	804571417	GET	/images/ksclogosmall.gif	200	3635		
teleman.pr.mcs.net	-	804571418	GET	/msfc/astro_home3.gif	200	73728		
isdn6-34.dnai.com	-	804571419	GET	/shuttle/missions/sts-68/sts-68-patch-small.gif	200	17459		
slip1.yab.com	-	804571420	GET	/images/landing-747.gif	200	110875		
isdn6-34.dnai.com	-	804571420	GET	/shuttle/missions/sts-68/mission-sts-68.html	200	49087		
bos1d.delphi.com	-	804571423	GET	/history/apollo/apollo-13/apollo-13.html	200	18114		
205.189.154.54	-	804571425	GET	/cgi-bin/imagemap/countdown?108,176	302	110		
charger.execpc.com	-	804571427	GET	/history/history.html	200	1502		
ix-ftw-tx1-24.ix.netcom.com	-	804571428	GET	/shuttle/countdown/countdown.html	200	3985		
midcom.com	-	804571428	GET	/images/ksclogosmall.gif	200	3635		
midcom.com	-	804571429	GET	/history/apollo/images/footprint-logo.gif	200	4209		
isdn6-34.dnai.com	-	804571431	GET	/facilities/lc39a.html	200	7008		
remote27.compusmart.ab.ca	-	804571431	GET	/shuttle/missions/sts-71/images/KSC-95EC-0868.jpg	200	61848		
205.189.154.54	-	804571431	GET	/shuttle/missions/sts-71/images/images.html	200	7634		
isdn6-34.dnai.com	-	804571431	GET	/images/lc39a-logo.gif	200	13116		
port2.electrotex.com	-	804571431	GET	/shuttle/countdown/video/livevideo.jpeg	200	44467		
isdn6-34.dnai.com	-	804571432	GET	/images/kscmap-tiny.gif	200	2537		
isdn6-34.dnai.com	-	804571432	GET	/images/ksclogosmall.gif	200	3635		
ix-ftw-tx1-24.ix.netcom.com	-	804571432	GET	/shuttle/countdown/count.gif	200	40310		
lmsmith.tezcat.com	-	804571432	GET	/shuttle/missions/sts-71/images/index71.gif	200	73728		
charger.execpc.com	-	804571433	GET	/history/apollo/images/apollo-small.gif	200	9630		
teleman.pr.mcs.net	-	804571436	GET	/shuttle/missions/missions.html	304	0		
teleman.pr.mcs.net	-	804571437	GET	/images/launchmedium.gif	304	0		
teleman.pr.mcs.net	-	804571437	GET	/images/NASA-logosmall.gif	304	0		
teleman.pr.mcs.net	-	804571437	GET	/images/KSC-logosmall.gif	304	0		
129.188.154.200	-	804571438	GET	/	200	7074		
www-a1.proxy.aol.com	-	804571441	GET	/cgi-bin/imagemap/countdown?99,113	302	111		
129.188.154.200	-	804571441	GET	/images/ksclogo-medium.gif	200	5866		
link097.txdirect.net	-	804571442	GET	/images/shuttle-patch-small.gif	200	4179		
smyth-pc.moorecap.com	-	804571443	GET	/history/apollo/images/footprint-small.gif	200	18149		
gayle-gaston.tenet.edu	-	804571444	GET	/shuttle/missions/sts-71/images/KSC-95EC-0915.gif	200	29634		
129.188.154.200	-	804571445	GET	/images/MOSAIC-logosmall.gif	200	363		
129.188.154.200	-	804571445	GET	/images/USA-logosmall.gif	200	234		
129.188.154.200	-	804571445	GET	/images/WORLD-logosmall.gif	200	669		
isdn6-34.dnai.com	-	804571450	GET	/images/dual-pad.gif	200	141308		
www-a1.proxy.aol.com	-	804571450	GET	/shuttle/missions/sts-71/mission-sts-71.html	200	12040		
charger.execpc.com	-	804571452	GET	/history/apollo/apollo.html	200	3258		
smyth-pc.moorecap.com	-	804571453	GET	/history/apollo/images/footprint-small.gif	200	18149		
205.212.115.106	-	804571453	GET	/shuttle/missions/sts-71/images/index71.gif	200	235862		
charger.execpc.com	-	804571454	GET	/history/apollo/images/footprint-small.gif	200	18149		
charger.execpc.com	-	804571455	GET	/history/apollo/images/apollo-logo.gif	200	3047		
unicomp6.unicomp.net	-	804571456	GET	/ksc.html	200	7074		
205.189.154.54	-	804571457	GET	/shuttle/missions/sts-71/images/KSC-95EC-0747.gif	200	32187		
dd11-054.compuserve.com	-	804571457	GET	/images/launchmedium.gif	200	11853		
news.ti.com	-	804571458	GET	/ksc.html	200	7074		
ix-ftw-tx1-24.ix.netcom.com	-	804571458	GET	/images/NASA-logosmall.gif	200	786		
unicomp6.unicomp.net	-	804571459	GET	/images/ksclogo-medium.gif	200	5866		
charger.execpc.com	-	804571460	GET	/images/ksclogosmall.gif	200	3635		
news.ti.com	-	804571461	GET	/images/ksclogo-medium.gif	200	5866		
ix-ftw-tx1-24.ix.netcom.com	-	804571462	GET	/images/KSC-logosmall.gif	200	1204		
teleman.pr.mcs.net	-	804571463	GET	/shuttle/missions/sts-67/mission-sts-67.html	200	21408		
129.94.144.152	-	804571465	GET	/shuttle/technology/sts-newsref/stsref-toc.html	200	84907		
link097.txdirect.net	-	804571466	GET	/shuttle/technology/sts-newsref/stsref-toc.html	200	84907		
unicomp6.unicomp.net	-	804571466	GET	/images/USA-logosmall.gif	200	234		
unicomp6.unicomp.net	-	804571466	GET	/images/WORLD-logosmall.gif	200	669		
onyx.southwind.net	-	804571467	GET	/shuttle/technology/sts-newsref/centers.html	200	71024		
ix-war-mi1-20.ix.netcom.com	-	804571467	GET	/shuttle/missions/sts-69/mission-sts-69.html	200	4325		
unicomp6.unicomp.net	-	804571467	GET	/images/MOSAIC-logosmall.gif	200	363		
129.188.154.200	-	804571467	GET	/shuttle/missions/sts-71/mission-sts-71.html	200	12040		
netport-27.iu.net	-	804571467	GET	/images/construct.gif	200	1414		
slip1.yab.com	-	804571468	GET	/history/history.html	200	1502		
ix-war-mi1-20.ix.netcom.com	-	804571468	GET	/shuttle/missions/sts-69/sts-69-patch-small.gif	200	8083		
teleman.pr.mcs.net	-	804571470	GET	/shuttle/missions/sts-67/sts-67-patch-small.gif	200	17083		
129.188.154.200	-	804571470	GET	/shuttle/missions/sts-71/sts-71-patch-small.gif	200	12054		
savvy1.savvy.com	-	804571470	GET	/shuttle/missions/missions.html	200	8677		
gater3.sematech.org	-	804571471	GET	/cgi-bin/imagemap/countdown?370,274	302	68		
teleman.pr.mcs.net	-	804571471	GET	/images/launch-logo.gif	304	0		
slip1.yab.com	-	804571472	GET	/history/rocket-history.txt	200	26990		
ppp-nyc-3-1.ios.com	-	804571473	GET	/shuttle/missions/sts-71/movies/sts-71-hatch-hand-group.mpg	200	49152		
netport-27.iu.net	-	804571474	GET	/images/KSC-logosmall.gif	200	1204		
savvy1.savvy.com	-	804571474	GET	/images/launchmedium.gif	200	11853		
199.33.32.50	-	804571476	GET	/shuttle/missions/sts-71/movies/sts-71-launch-3.mpg	200	130724		
129.188.154.200	-	804571477	GET	/images/launch-logo.gif	200	1713		
pme607.onramp.awinc.com	-	804571478	GET	/shuttle/missions/sts-71/mission-sts-71.html	200	12040		
bart-slip1.llnl.gov	-	804571480	GET	/shuttle/technology/sts-newsref/stsref-toc.html	200	84907		
ad03-031.compuserve.com	-	804571480	GET	/facilities/vab.html	200	4045		
ix-sd11-26.ix.netcom.com	-	804571484	GET	/shuttle/countdown/	200	3985		
savvy1.savvy.com	-	804571484	GET	/images/NASA-logosmall.gif	200	786		
savvy1.savvy.com	-	804571484	GET	/images/KSC-logosmall.gif	200	1204		
news.ti.com	-	804571486	GET	/images/NASA-logosmall.gif	200	786		
ix-sd11-26.ix.netcom.com	-	804571486	GET	/images/NASA-logosmall.gif	200	786		
news.ti.com	-	804571486	GET	/images/MOSAIC-logosmall.gif	200	363		
ix-sd11-26.ix.netcom.com	-	804571488	GET	/shuttle/countdown/count.gif	200	40310		
ix-war-mi1-20.ix.netcom.com	-	804571488	GET	/shuttle/missions/sts-78/mission-sts-78.html	200	4377		
ix-war-mi1-20.ix.netcom.com	-	804571490	GET	/shuttle/missions/sts-78/sts-78-patch-small.gif	200	4179		
ad03-031.compuserve.com	-	804571491	GET	/images/vab-small.gif	200	35709		
ix-sd11-26.ix.netcom.com	-	804571491	GET	/images/KSC-logosmall.gif	200	1204		
199.166.39.14	-	804571492	GET	/shuttle/countdown/	200	3985		
news.ti.com	-	804571492	GET	/images/WORLD-logosmall.gif	200	669		
pme607.onramp.awinc.com	-	804571494	GET	/cgi-bin/imagemap/countdown?99,178	302	110		
news.ti.com	-	804571495	GET	/images/USA-logosmall.gif	200	234		
remote27.compusmart.ab.ca	-	804571495	GET	/shuttle/missions/sts-71/images/KSC-95EC-0871.gif	200	45518		
charger.execpc.com	-	804571495	GET	/history/apollo/apollo-13/apollo-13.html	200	18114		
199.166.39.14	-	804571496	GET	/images/NASA-logosmall.gif	200	786		
onyx.southwind.net	-	804571498	GET	/images/shuttle-patch-logo.gif	200	891		
199.166.39.14	-	804571499	GET	/images/KSC-logosmall.gif	200	1204		
pme607.onramp.awinc.com	-	804571502	GET	/shuttle/missions/sts-71/images/images.html	200	7634		
ix-sd11-26.ix.netcom.com	-	804571506	GET	/cgi-bin/imagemap/countdown?107,144	302	96		
link097.txdirect.net	-	804571506	GET	/shuttle	302	0		
link097.txdirect.net	-	804571507	GET	/shuttle/	200	957		
dd11-054.compuserve.com	-	804571509	GET	/shuttle/missions/61-c/mission-61-c.html	200	8368		
charger.execpc.com	-	804571512	GET	/history/apollo/apollo-13/apollo-13-patch-small.gif	200	12859		
ix-war-mi1-20.ix.netcom.com	-	804571513	GET	/shuttle/missions/sts-78/news	302	0		
link097.txdirect.net	-	804571513	GET	/icons/blank.xbm	200	509		
ix-war-mi1-20.ix.netcom.com	-	804571514	GET	/shuttle/missions/sts-78/news/	200	374		
ix-war-mi1-20.ix.netcom.com	-	804571515	GET	/icons/blank.xbm	200	509		
ix-war-mi1-20.ix.netcom.com	-	804571517	GET	/icons/menu.xbm	200	527		
net-1-141.eden.com	-	804571517	GET	/shuttle/missions/sts-71/images/KSC-95EC-0917.jpg	200	52491		
teleman.pr.mcs.net	-	804571518	GET	/shuttle/missions/sts-78/mission-sts-78.html	200	4377		
199.166.39.14	-	804571518	GET	/shuttle/countdown/count.gif	200	40310		
waters-gw.starway.net.au	-	804571519	GET	/shuttle/missions/51-l/images/850128.GIF	200	172498		
teleman.pr.mcs.net	-	804571520	GET	/shuttle/missions/sts-78/sts-78-patch-small.gif	304	0		
199.166.39.14	-	804571521	GET	/cgi-bin/imagemap/countdown?302,275	302	98		
slip132.indirect.com	-	804571522	GET	/shuttle/missions/sts-71/images/images.html	200	7634		
ix-war-mi1-20.ix.netcom.com	-	804571523	GET	/shuttle/missions/sts-78/	200	1596		
link097.txdirect.net	-	804571523	GET	/icons/menu.xbm	200	527		
ix-war-mi1-20.ix.netcom.com	-	804571523	GET	/icons/text.xbm	200	527		
ix-war-mi1-20.ix.netcom.com	-	804571524	GET	/icons/image.xbm	200	509		
slip1.yab.com	-	804571524	GET	/history/early-astronauts.txt	200	3850		
www-a1.proxy.aol.com	-	804571525	GET	/	200	7074		
199.166.39.14	-	804571526	GET	/shuttle/countdown/liftoff.html	200	4538		
link097.txdirect.net	-	804571529	GET	/shuttle/movies/	200	602		
ix-sd11-26.ix.netcom.com	-	804571530	GET	/shuttle/missions/sts-71/mission-sts-71.html	200	12040		
link097.txdirect.net	-	804571530	GET	/icons/movie.xbm	200	530		
ix-sd11-26.ix.netcom.com	-	804571531	GET	/shuttle/missions/sts-71/sts-71-patch-small.gif	200	12054		
129.94.144.152	-	804571535	GET	/images/KSC-logosmall.gif	200	1204		
port2.electrotex.com	-	804571537	GET	/shuttle/countdown/video/livevideo.jpeg	200	43974		
129.94.144.152	-	804571537	GET	/images/launch-logo.gif	200	1713		
ix-sd11-26.ix.netcom.com	-	804571537	GET	/images/launch-logo.gif	200	1713		
link097.txdirect.net	-	804571538	GET	/shuttle/movies/astronauts.mpg	200	49152		
ppp-nyc-3-1.ios.com	-	804571539	GET	/shuttle/missions/sts-71/sts-71-patch.jpg	200	203429		
charger.execpc.com	-	804571539	GET	/history/apollo/images/footprint-logo.gif	200	4209		
205.212.115.106	-	804571542	GET	/shuttle/missions/sts-71/images/KSC-95EC-0917.gif	200	30995		
alyssa.prodigy.com	-	804571543	GET	/shuttle/missions/sts-71/sts-71-patch-small.gif	200	12054		
remote27.compusmart.ab.ca	-	804571543	GET	/shuttle/missions/sts-71/images/KSC-95EC-0876.gif	200	51398		
ix-war-mi1-20.ix.netcom.com	-	804571543	GET	/shuttle/missions/sts-72/mission-sts-72.html	200	3752		
ix-war-mi1-20.ix.netcom.com	-	804571545	GET	/shuttle/missions/sts-72/sts-72-patch-small.gif	200	4179		
teleman.pr.mcs.net	-	804571546	GET	/shuttle/missions/sts-70/mission-sts-70.html	200	13469		
teleman.pr.mcs.net	-	804571548	GET	/shuttle/missions/sts-70/sts-70-patch-small.gif	200	5026		
slip1.yab.com	-	804571553	GET	/history/skylab/skylab.html	200	1687		
199.166.39.14	-	804571553	GET	/shuttle/countdown/video/livevideo.gif	200	65536		
129.188.154.200	-	804571553	GET	/shuttle/missions/sts-71/movies/movies.html	200	3092		
p06.eznets.canton.oh.us	-	804571554	GET	/shuttle/countdown/	200	3985		
slip4068.sirius.com	-	804571555	GET	/ksc.html	200	7074		
pm4_23.digital.net	-	804571558	GET	/images/shuttle-patch-small.gif	200	4179		
p06.eznets.canton.oh.us	-	804571558	GET	/shuttle/countdown/count.gif	200	40310		
ix-war-mi1-20.ix.netcom.com	-	804571558	GET	/shuttle/missions/sts-72/news	302	0		
mars.ark.com	-	804571559	GET	/facts/faq04.html	200	27063		
p06.eznets.canton.oh.us	-	804571559	GET	/images/KSC-logosmall.gif	200	1204		
ix-war-mi1-20.ix.netcom.com	-	804571559	GET	/shuttle/missions/sts-72/news/	200	374		
news.ti.com	-	804571560	GET	/shuttle/missions/sts-71/mission-sts-71.html	200	12040		
janice.cc.wwu.edu	-	804571561	GET	/shuttle/countdown/countdown.html	200	3985		
dd11-054.compuserve.com	-	804571562	GET	/history/history.html	200	1502		
news.ti.com	-	804571563	GET	/shuttle/missions/sts-71/sts-71-patch-small.gif	200	12054		
gayle-gaston.tenet.edu	-	804571563	GET	/shuttle/missions/sts-71/images/KSC-95EC-0917.jpg	200	52491		
p06.eznets.canton.oh.us	-	804571565	GET	/images/NASA-logosmall.gif	200	786		
dd11-054.compuserve.com	-	804571565	GET	/history/apollo/images/apollo-small.gif	200	9630		
dnet018.sat.texas.net	-	804571566	GET	/history/apollo/apollo-13/apollo-13.html	200	18114		
teleman.pr.mcs.net	-	804571566	GET	/shuttle/missions/sts-71/mission-sts-71.html	200	12040		
teleman.pr.mcs.net	-	804571568	GET	/shuttle/missions/sts-71/sts-71-patch-small.gif	200	12054		
mars.ark.com	-	804571571	GET	/images/ksclogosmall.gif	200	3635		
mars.ark.com	-	804571571	GET	/images/faq.gif	200	263		
burger.letters.com	-	804571572	GET	/shuttle/countdown/liftoff.html	304	0		
burger.letters.com	-	804571572	GET	/shuttle/countdown/video/livevideo.gif	200	0		
burger.letters.com	-	804571573	GET	/images/NASA-logosmall.gif	304	0		
net-1-141.eden.com	-	804571575	GET	/shuttle/missions/sts-71/images/KSC-95EC-0918.jpg	200	46888		
ad12-051.compuserve.com	-	804571575	GET	/history/history.html	200	1502		
ix-wbg-va2-26.ix.netcom.com	-	804571577	GET	/history/apollo/apollo-11/apollo-11-info.html	200	1457		
www-a1.proxy.aol.com	-	804571579	GET	/whats-new.html	200	17314		
ad12-051.compuserve.com	-	804571579	GET	/history/apollo/images/apollo-small.gif	200	9630		
citynet.ci.la.ca.us	-	804571580	GET	/shuttle/missions/missions.html	200	8677		
gater4.sematech.org	-	804571586	GET	/cgi-bin/imagemap/countdown?88,208	302	95		
remote27.compusmart.ab.ca	-	804571586	GET	/shuttle/missions/sts-71/images/KSC-95EC-0917.gif	200	30995		
ix-war-mi1-20.ix.netcom.com	-	804571587	GET	/facilities/lc39a.html	200	7008		
gater3.sematech.org	-	804571588	GET	/shuttle/countdown/tour.html	200	4347		
ix-war-mi1-20.ix.netcom.com	-	804571588	GET	/images/lc39a-logo.gif	200	13116		
ottgate2.bnr.ca	-	804571588	GET	/shuttle/technology/images/srb_mod_compare_1-small.gif	200	36902		
ad12-051.compuserve.com	-	804571590	GET	/ksc.html	200	7074		
ottgate2.bnr.ca	-	804571590	GET	/shuttle/technology/images/srb_mod_compare_6-small.gif	200	28219		
ix-war-mi1-20.ix.netcom.com	-	804571592	GET	/images/kscmap-tiny.gif	200	2537		
ix-wbg-va2-26.ix.netcom.com	-	804571593	GET	/history/apollo/apollo-11/images/	200	3459		
ix-war-mi1-20.ix.netcom.com	-	804571594	GET	/images/ksclogosmall.gif	200	3635		
janice.cc.wwu.edu	-	804571595	GET	/shuttle/countdown/liftoff.html	200	4538		
news.ti.com	-	804571596	GET	/images/KSC-logosmall.gif	200	1204		
news.ti.com	-	804571596	GET	/images/launch-logo.gif	200	1713		
pme607.onramp.awinc.com	-	804571596	GET	/shuttle/missions/sts-71/images/KSC-95EC-0917.gif	200	30995		
ottgate2.bnr.ca	-	804571596	GET	/shuttle/technology/images/srb_mod_compare_3-small.gif	200	55666		
gater3.sematech.org	-	804571597	GET	/images/KSC-94EC-412-small.gif	200	20484		
teleman.pr.mcs.net	-	804571599	GET	/shuttle/countdown/	200	3985		
www-a1.proxy.aol.com	-	804571599	GET	/images/whatsnew.gif	200	651		
slip132.indirect.com	-	804571601	GET	/shuttle/missions/sts-71/images/KSC-95EC-0918.gif	200	31631		
teleman.pr.mcs.net	-	804571601	GET	/shuttle/countdown/count.gif	200	40310		
alyssa.prodigy.com	-	804571602	GET	/shuttle/missions/sts-71/sts-71-patch-small.gif	200	12054		
charger.execpc.com	-	804571603	GET	/history/mercury/mercury.html	200	1871		
svasu.extern.ucsd.edu	-	804571606	GET	/history/apollo/apollo-13/movies/apo13inside.mpg	200	501126		
ppp-mia-53.shadow.net	-	804571606	GET	/ksc.html	200	7074		
janice.cc.wwu.edu	-	804571608	GET	/shuttle/countdown/video/livevideo.jpeg	200	48725		
ppp-mia-53.shadow.net	-	804571608	GET	/images/ksclogo-medium.gif	200	5866		
charger.execpc.com	-	804571609	GET	/images/mercury-logo.gif	200	6588		
brandt.xensei.com	-	804571614	GET	/shuttle/missions/sts-71/sts-71-day-04-highlights.html	200	5544		
alyssa.prodigy.com	-	804571615	GET	/shuttle/missions/sts-71/sts-71-patch-small.gif	200	12054		
ppp-mia-53.shadow.net	-	804571619	GET	/images/MOSAIC-logosmall.gif	200	363		
ppp-mia-53.shadow.net	-	804571620	GET	/images/NASA-logosmall.gif	200	786		
ppp-mia-53.shadow.net	-	804571621	GET	/images/USA-logosmall.gif	200	234		
p06.eznets.canton.oh.us	-	804571622	GET	/cgi-bin/imagemap/countdown?98,110	302	111		
slip1.yab.com	-	804571623	GET	/history/skylab/skylab.jpg	200	162605		
p06.eznets.canton.oh.us	-	804571624	GET	/shuttle/missions/sts-71/mission-sts-71.html	200	12040		
ppp-mia-53.shadow.net	-	804571624	GET	/images/WORLD-logosmall.gif	200	669		
p06.eznets.canton.oh.us	-	804571628	GET	/shuttle/missions/sts-71/sts-71-patch-small.gif	200	12054		
gater3.sematech.org	-	804571633	GET	/ksc.html	200	7074		
pm4_23.digital.net	-	804571633	GET	/shuttle/technology/sts-newsref/sts_egress.html	200	86381		
dd11-054.compuserve.com	-	804571634	GET	/shuttle/missions/sts-67/mission-sts-67.html	200	21408		
remote27.compusmart.ab.ca	-	804571635	GET	/shuttle/missions/sts-71/images/KSC-95EC-0918.gif	200	31631		
gater3.sematech.org	-	804571636	GET	/images/ksclogo-medium.gif	200	5866		
waters-gw.starway.net.au	-	804571639	GET	/shuttle/missions/51-l/images/86HC119.GIF	200	127775		
205.212.115.106	-	804571640	GET	/shuttle/missions/sts-71/images/KSC-95EC-0917.jpg	200	52491		
ppp236.iadfw.net	-	804571640	GET	/software/winvn/winvn.html	200	9867		
ad12-051.compuserve.com	-	804571640	GET	/images/ksclogo-medium.gif	200	5866		
charger.execpc.com	-	804571641	GET	/history/mercury/mr-3/mr-3.html	200	1124		
ppp236.iadfw.net	-	804571641	GET	/software/winvn/winvn.gif	200	25218		
p06.eznets.canton.oh.us	-	804571641	GET	/images/launch-logo.gif	200	1713		
charger.execpc.com	-	804571642	GET	/history/mercury/mr-3/mr-3-patch-small.gif	200	19084		
asp.erinet.com	-	804571643	GET	/software/winvn/winvn.html	200	9867		
ppp236.iadfw.net	-	804571646	GET	/software/winvn/wvsmall.gif	200	13372		
ppp236.iadfw.net	-	804571646	GET	/images/construct.gif	200	1414		
asp.erinet.com	-	804571646	GET	/images/construct.gif	200	1414		
asp.erinet.com	-	804571647	GET	/software/winvn/bluemarb.gif	200	4441		
ppp236.iadfw.net	-	804571647	GET	/software/winvn/bluemarb.gif	200	4441		
charger.execpc.com	-	804571649	GET	/history/apollo/images/APOLLO-logosmall.gif	200	1173		
asp.erinet.com	-	804571649	GET	/software/winvn/wvsmall.gif	200	13372		
ppp236.iadfw.net	-	804571649	GET	/images/KSC-logosmall.gif	200	1204		
asp.erinet.com	-	804571650	GET	/images/KSC-logosmall.gif	200	1204		
asp.erinet.com	-	804571650	GET	/images/MOSAIC-logosmall.gif	200	363		
asp.erinet.com	-	804571651	GET	/software/winvn/winvn.gif	200	25218		
ix-sd11-26.ix.netcom.com	-	804571651	GET	/shuttle/countdown/	200	3985		
www-proxy.crl.research.digital.com	-	804571653	GET	/htbin/cdt_main.pl	200	3214		
ix-sd11-26.ix.netcom.com	-	804571654	GET	/shuttle/countdown/count.gif	200	40310		
ix-sd11-26.ix.netcom.com	-	804571654	GET	/images/NASA-logosmall.gif	200	786		
ix-sd11-26.ix.netcom.com	-	804571654	GET	/images/KSC-logosmall.gif	200	1204		
asp.erinet.com	-	804571654	GET	/images/USA-logosmall.gif	200	234		
news.ti.com	-	804571654	GET	/shuttle/missions/sts-71/sts-71-day-04-highlights.html	200	5544		
teleman.pr.mcs.net	-	804571655	GET	/cgi-bin/imagemap/countdown?102,172	302	110		
www-proxy.crl.research.digital.com	-	804571655	GET	/images/NASA-logosmall.gif	200	786		
teleman.pr.mcs.net	-	804571656	GET	/shuttle/missions/sts-71/images/images.html	200	7634		
ppp236.iadfw.net	-	804571656	GET	/images/MOSAIC-logosmall.gif	200	363		
ppp4.sunrem.com	-	804571657	GET	/shuttle/countdown/	200	3985		
199.166.39.14	-	804571657	GET	/shuttle/missions/sts-71/movies/sts-71-tcdt-crew-walkout.mpg	200	131072		
ppp236.iadfw.net	-	804571657	GET	/images/USA-logosmall.gif	200	234		
slip132.indirect.com	-	804571657	GET	/shuttle/missions/sts-71/images/KSC-95EC-0918.jpg	200	46888		
ppp236.iadfw.net	-	804571657	GET	/images/WORLD-logosmall.gif	200	669		
ppp4.sunrem.com	-	804571659	GET	/shuttle/countdown/count.gif	200	40310		
pm13.j51.com	-	804571660	GET	/shuttle/missions/sts-71/movies/crew-arrival-t38.mpg	200	65536		
ppp4.sunrem.com	-	804571661	GET	/images/NASA-logosmall.gif	200	786		
ix-sd11-26.ix.netcom.com	-	804571662	GET	/shuttle/missions/sts-71/mission-sts-71.html	200	12040		
ppp4.sunrem.com	-	804571663	GET	/images/KSC-logosmall.gif	200	1204		
pm4_23.digital.net	-	804571663	GET	/images/KSC-logosmall.gif	200	1204		
pm4_23.digital.net	-	804571663	GET	/images/shuttle-patch-logo.gif	200	891		
ix-sd11-26.ix.netcom.com	-	804571663	GET	/shuttle/missions/sts-71/sts-71-patch-small.gif	200	12054		
charger.execpc.com	-	804571664	GET	/history/mercury/ma-6/ma-6.html	200	1117		
citynet.ci.la.ca.us	-	804571665	GET	/shuttle/missions/sts-71/mission-sts-71.html	200	12040		
charger.execpc.com	-	804571666	GET	/history/mercury/ma-6/ma-6-patch-small.gif	200	21277		
dnet018.sat.texas.net	-	804571667	GET	/ksc.html	200	7074		
dnet018.sat.texas.net	-	804571670	GET	/images/ksclogo-medium.gif	200	5866		
ppp-mia-53.shadow.net	-	804571670	GET	/shuttle/missions/sts-71/mission-sts-71.html	200	12040		
asp.erinet.com	-	804571672	GET	/images/WORLD-logosmall.gif	200	669		
ix-sd11-26.ix.netcom.com	-	804571672	GET	/shuttle/countdown/count.gif	200	40310		
ppp-mia-53.shadow.net	-	804571673	GET	/shuttle/missions/sts-71/sts-71-patch-small.gif	200	12054		
dnet018.sat.texas.net	-	804571676	GET	/images/NASA-logosmall.gif	200	786		
slip1.yab.com	-	804571677	GET	/history/skylab/skylab-2.html	200	1708		
dnet018.sat.texas.net	-	804571679	GET	/images/MOSAIC-logosmall.gif	200	363		
dnet018.sat.texas.net	-	804571680	GET	/images/USA-logosmall.gif	200	234		
166.79.67.111	-	804571682	GET	/shuttle/countdown/	200	3985		
ppp-mia-53.shadow.net	-	804571683	GET	/images/launch-logo.gif	200	1713		
ppp-mia-53.shadow.net	-	804571683	GET	/images/KSC-logosmall.gif	200	1204		
dnet018.sat.texas.net	-	804571685	GET	/images/WORLD-logosmall.gif	200	669		
www-proxy.crl.research.digital.com	-	804571685	GET	/shuttle/countdown/liftoff.html	200	4538		
brandt.xensei.com	-	804571686	GET	/shuttle/countdown/liftoff.html	304	0		
ix-wbg-va2-26.ix.netcom.com	-	804571687	GET	/history/apollo/apollo-11/images/index.gif	200	172537		
www-proxy.crl.research.digital.com	-	804571689	GET	/shuttle/countdown/video/livevideo.gif	200	75100		
slip1.kias.com	-	804571690	GET	/shuttle/missions/missions.html	200	8677		
ix-li3-23.ix.netcom.com	-	804571691	GET	/shuttle/missions/sts-71/movies/crew-arrival-t38.mpg	200	305722		
ppp-mia-53.shadow.net	-	804571692	GET	/shuttle/countdown/	200	3985		
brandt.xensei.com	-	804571693	GET	/images/NASA-logosmall.gif	304	0		
net-1-141.eden.com	-	804571693	GET	/shuttle/missions/sts-71/images/KSC-95EC-0613.jpg	200	61716		
166.79.67.111	-	804571701	GET	/images/KSC-logosmall.gif	200	1204		
remote27.compusmart.ab.ca	-	804571702	GET	/cgi-bin/imagemap/countdown?382,274	302	68		
ttyu0.tyrell.net	-	804571702	GET	/	200	7074		
ttyu0.tyrell.net	-	804571705	GET	/images/ksclogo-medium.gif	200	5866		
166.79.67.111	-	804571706	GET	/images/NASA-logosmall.gif	200	786		
slip1.kias.com	-	804571706	GET	/images/KSC-logosmall.gif	200	1204		
slip1.kias.com	-	804571707	GET	/images/NASA-logosmall.gif	200	786		
ttyu0.tyrell.net	-	804571707	GET	/images/NASA-logosmall.gif	200	786		
ttyu0.tyrell.net	-	804571707	GET	/images/MOSAIC-logosmall.gif	200	363		
199.120.91.6	-	804571708	GET	/shuttle/countdown/	200	3985		
129.94.144.152	-	804571709	GET	/shuttle/technology/sts-newsref/sts-cron.html	200	200053		
ppp-mia-53.shadow.net	-	804571710	GET	/shuttle/countdown/count.gif	200	40310		
ttyu0.tyrell.net	-	804571711	GET	/images/WORLD-logosmall.gif	200	669		
ttyu0.tyrell.net	-	804571711	GET	/images/USA-logosmall.gif	200	234		
slip132.indirect.com	-	804571711	GET	/shuttle/missions/sts-71/images/KSC-95EC-0918.txt	200	1391		
ix-sd11-26.ix.netcom.com	-	804571712	GET	/cgi-bin/imagemap/countdown?94,175	302	110		
199.120.91.6	-	804571712	GET	/shuttle/countdown/count.gif	200	40310		
199.120.91.6	-	804571712	GET	/images/NASA-logosmall.gif	200	786		
ix-sd11-26.ix.netcom.com	-	804571713	GET	/shuttle/missions/sts-71/images/images.html	200	7634		
slip1.yab.com	-	804571718	GET	/history/skylab/skylab-3.html	200	1424		
dnet018.sat.texas.net	-	804571721	GET	/whats-new.html	200	17314		
199.120.91.6	-	804571723	GET	/images/KSC-logosmall.gif	200	1204		
dnet018.sat.texas.net	-	804571723	GET	/images/whatsnew.gif	200	651		
ppp4.sunrem.com	-	804571725	GET	/cgi-bin/imagemap/countdown?105,143	302	96		
ix-dfw13-20.ix.netcom.com	-	804571729	GET	/shuttle/countdown/	200	3985		
slip1.kias.com	-	804571729	GET	/images/launchmedium.gif	200	11853		
brandt.xensei.com	-	804571730	GET	/shuttle/countdown/video/livevideo.gif	200	75344		
ix-dfw13-20.ix.netcom.com	-	804571732	GET	/shuttle/countdown/count.gif	200	40310		
ix-dfw13-20.ix.netcom.com	-	804571732	GET	/images/NASA-logosmall.gif	200	786		
ix-dfw13-20.ix.netcom.com	-	804571732	GET	/images/KSC-logosmall.gif	200	1204		
dnet018.sat.texas.net	-	804571734	GET	/images/KSC-logosmall.gif	200	1204		
www-a1.proxy.aol.com	-	804571736	GET	/cgi-bin/imagemap/countdown?99,213	302	95		
www-a1.proxy.aol.com	-	804571739	GET	/shuttle/countdown/tour.html	200	4347		
pipe6.nyc.pipeline.com	-	804571740	GET	/ksc.html	200	7074		
ix-sd11-26.ix.netcom.com	-	804571740	GET	/shuttle/missions/sts-71/images/KSC-95EC-0869.jpg	200	56275		
pipe6.nyc.pipeline.com	-	804571740	GET	/images/ksclogo-medium.gif	200	5866		
pipe6.nyc.pipeline.com	-	804571741	GET	/images/MOSAIC-logosmall.gif	200	363		
slip1.yab.com	-	804571742	GET	/history/skylab/skylab-4.html	200	1393		
pipe6.nyc.pipeline.com	-	804571742	GET	/images/USA-logosmall.gif	200	234		
pipe6.nyc.pipeline.com	-	804571743	GET	/images/WORLD-logosmall.gif	200	669		
129.94.144.152	-	804571745	GET	/images/shuttle-patch-logo.gif	200	891		
129.94.144.152	-	804571746	GET	/images/KSC-logosmall.gif	200	1204		
teleman.pr.mcs.net	-	804571747	GET	/shuttle/missions/sts-71/images/KSC-95EC-0423.jpg	200	84494		
piweba3y.prodigy.com	-	804571747	GET	/shuttle/technology/images/srb_mod_compare_6-small.gif	200	28219		
waters-gw.starway.net.au	-	804571756	GET	/shuttle/missions/51-l/images/86HC125.GIF	200	100705		